1.425652950530e+01,1.285395473457e+01,1.563065545560e+01,1.995509399438e+01,1.820275774936e+01,1.466820964123e+01,1.461391508920e+01,1.570440237872e+01,3.116945128194e+01,1.738954843488e+01,1.526867362276e+01,1.662248676672e+01,1.659336266800e+01,1.617692290936e+01,1.958713268129e+01,3.080525845732e+01,7.061216154399e+01,1.634493650206e+01,8.138257782038e+00,6.480406038295e+00,6.292101422441e+00,8.202289411201e+00,2.923477900974e+01,9.082301174113e+01,4.470022001002e+01,1.071433550439e+01,4.614633933823e+00,3.561733504694e+00,5.397651774239e+00,1.371431372122e+01,4.621857233102e+01,8.168278258218e+01,2.005919576535e+01,1.674672707866e+01,1.603250049012e+01,1.893264643736e+01,1.919346722722e+01,1.725053913347e+01,1.744201320060e+01,1.967568126865e+01,6.433978478228e+01,2.555592828980e+01,1.902474568149e+01,2.256347615832e+01,2.207568562529e+01,1.766587884201e+01,1.427383623413e+01,2.395452763195e+01,1.317662883656e+02,3.392061123576e+01,5.836245017100e+00,3.682434051452e+00,2.773346112793e+00,3.669462173525e+00,1.653476593983e+01,9.586844054284e+01,6.429333217156e+01,1.744132703074e+01,8.733733417562e+00,9.400080597730e+00,1.255848781232e+01,2.043254841310e+01,4.161444877687e+01,7.385459733810e+01,2.001767704272e+01,1.977907508659e+01,1.808002047618e+01,1.863415165443e+01,1.936492256083e+01,1.804189992812e+01,1.532765155641e+01,1.620356372666e+01,6.541592785414e+01,2.439243470495e+01,1.469617923193e+01,1.893413858453e+01,2.171234234430e+01,2.083479643627e+01,1.833006948831e+01,2.494028143856e+01,1.318681464700e+02,9.471342061124e+01,1.595631385192e+01,3.657405188751e+00,2.668383906594e+00,3.367928638334e+00,5.707190624523e+00,3.421523950596e+01,6.503290347877e+01,7.232805454506e+01,4.037080401682e+01,2.048170213693e+01,1.267223952774e+01,9.477280153354e+00,8.971670986995e+00,1.799302938550e+01,1.410520182107e+01,1.539730324351e+01,1.432355632039e+01,1.498423987627e+01,1.843627333522e+01,1.998211601717e+01,1.561742217962e+01,1.263283377263e+01,3.269711590825e+01,3.096094277561e+01,1.887884200667e+01,1.566976713791e+01,1.607177554621e+01,1.614462935936e+01,1.525395909121e+01,1.777724530028e+01,7.357191713682e+01,9.025052824188e+01,2.791543773281e+01,7.793397521075e+00,5.847038577995e+00,6.084562267192e+00,7.999270263794e+00,1.711594092404e+01,4.555222515085e+01,8.006933583114e+01,4.493234147298e+01,1.391321584943e+01,5.608207898578e+00,3.584790990481e+00,4.617258805847e+00,1.106859520335e+01
2.001506436593e+01,1.296917130771e+01,1.129105166520e+01,1.297602889112e+01,1.764124491514e+01,2.826979924323e+01,3.959659961249e+01,3.337125292918e+01,1.960341661848e+01,1.172401270073e+01,1.052013147083e+01,1.302163790742e+01,2.348390598213e+01,4.410346226807e+01,5.648526532558e+01,4.061641153616e+01,1.785605161447e+01,8.059658946813e+00,6.879282185500e+00,8.260567880946e+00,1.968926828773e+01,5.541608083021e+01,8.074713168386e+01,5.069671424369e+01,1.225049453727e+01,9.722602635503e+00,7.206072410400e+00,6.694756383335e+00,1.735403796017e+01,5.885785730951e+01,7.000303316189e+01,2.996695983850e+01,3.058845369610e+01,2.335447416740e+01,1.854285482415e+01,1.777952260669e+01,2.068511924688e+01,2.548483926271e+01,3.243838826501e+01,3.490462278219e+01,3.702972295769e+01,2.682965600495e+01,3.050759304909e+01,4.094832465991e+01,4.403512989846e+01,3.443102346389e+01,2.554213457500e+01,2.273069783012e+01,1.085078466579e+02,4.055139637035e+01,1.423531858344e+01,9.989815068424e+00,1.180705438388e+01,2.953898982521e+01,4.815335220183e+01,6.291662355316e+01,1.971565375290e+01,6.869563894215e+00,5.696430201771e+00,1.310339125760e+01,4.143011047202e+01,8.199974639115e+01,6.978469622731e+01,2.969073921909e+01,3.006527891902e+01,2.883599622630e+01,2.427749880804e+01,2.192279132049e+01,2.192344055916e+01,2.240368442943e+01,2.208162147357e+01,2.481665094292e+01,3.810501435426e+01,1.720917658277e+01,1.672553435386e+01,2.834730210901e+01,4.317378293111e+01,4.528790691541e+01,3.388152408777e+01,2.820785781673e+01,1.135838583037e+02,5.388867585745e+01,1.691943353926e+01,1.037303833551e+01,1.013145054120e+01,1.357592541871e+01,1.951739249521e+01,4.950734958459e+01,3.187447376163e+01,2.909594530164e+01,2.932709455553e+01,3.741902269292e+01,4.566526674579e+01,3.799144830944e+01,1.768961319578e+01,1.453892895909e+01,2.349065197764e+01,2.436448664496e+01,1.976189171916e+01,1.727214258904e+01,1.858152510220e+01,2.002970266898e+01,1.880528926626e+01,1.895162157501e+01,3.022254684156e+01,2.745775383710e+01,2.113085202431e+01,1.950258173813e+01,2.256486807267e+01,2.388309646266e+01,2.353141199266e+01,2.509133976485e+01,4.936639378354e+01,4.624108057661e+01,2.568336427361e+01,1.649003317204e+01,1.494562626170e+01,1.508543575073e+01,1.776011645719e+01,2.700695902695e+01,2.370835996226e+01,3.214412083955e+01,3.104809438307e+01,2.786844801526e+01,2.312854925591e+01,1.544236485184e+01,1.227795530398e+01,1.433562595737e+01
2.896228180523e+01,2.459384324285e+01,2.009048000250e+01,1.786542880015e+01,1.650792726668e+01,1.585918055454e+01,1.966827118010e+01,2.593092621664e+01,3.600834832150e+01,2.131269298346e+01,1.488763554326e+01,1.427127366484e+01,1.774386351586e+01,2.646511482841e+01,4.062969008286e+01,4.610916236082e+01,1.964636593303e+01,1.397231434601e+01,1.213130672544e+01,1.492123675757e+01,2.687330928296e+01,4.560921954110e+01,4.930584174577e+01,3.331625895391e+01,2.120939420088e+01,1.684055017830e+01,1.329667210746e+01,1.392805680601e+01,2.147018827908e+01,3.067039204882e+01,3.013550687723e+01,2.444436358344e+01,4.952638090386e+01,3.242041024255e+01,2.748003368439e+01,2.519997504860e+01,2.161878424319e+01,1.685151839646e+01,1.501001174795e+01,2.411315458430e+01,1.162073253142e+02,3.625463940033e+01,1.214557060725e+01,8.592720429996e+00,1.036404087871e+01,2.194589705470e+01,4.358141952655e+01,8.385071787248e+01,2.221101604167e+01,8.590932246561e+00,9.023620655598e+00,2.627231330637e+01,6.862779793527e+01,8.490854273447e+01,6.417214384480e+01,3.686911952759e+01,2.158387308056e+01,1.777635231372e+01,1.619194901598e+01,2.234231237069e+01,3.797809475293e+01,3.904020293803e+01,3.002297607785e+01,2.391748365164e+01,4.960958341564e+01,2.413393701852e+01,1.511752107873e+01,1.700864981754e+01,2.165975651595e+01,2.482604717893e+01,2.732869306663e+01,3.260143262603e+01,1.161742543171e+02,8.385177830684e+01,4.379593916018e+01,2.204895671972e+01,1.040045952156e+01,8.561770301600e+00,1.209472173994e+01,3.626598188944e+01,2.210880888270e+01,3.679061619554e+01,6.449592980340e+01,8.544197240791e+01,6.851284477112e+01,2.587268549804e+01,8.979675008057e+00,8.569598802333e+00,2.150273945544e+01,2.418072088744e+01,3.021012194995e+01,3.905590152515e+01,3.778470063522e+01,2.205355193529e+01,1.619314460374e+01,1.767240895339e+01,2.912703379875e+01,2.586059446703e+01,1.960544564234e+01,1.588546269246e+01,1.650564005531e+01,1.787062700781e+01,2.015603979748e+01,2.472259245012e+01,3.603020158649e+01,4.600329566366e+01,4.068024785054e+01,2.661811887261e+01,1.788380966243e+01,1.431321280423e+01,1.480660588229e+01,2.126442242715e+01,1.972057554555e+01,3.316011519228e+01,4.909507521806e+01,4.571568923035e+01,2.704759478932e+01,1.489690914573e+01,1.215131982492e+01,1.396923700708e+01,2.122243130569e+01,2.447901483568e+01,3.009091665194e+01,3.035043197106e+01,2.131657084637e+01,1.387690644266e+01,1.340445174504e+01,1.702665640887e+01
2.379351113276e+01,1.940881690312e+01,1.937056769977e+01,2.060299579858e+01,1.822248269703e+01,1.618614138708e+01,1.920640768029e+01,2.455796748463e+01,2.844164687735e+01,2.457576772413e+01,2.430237065904e+01,2.570307901520e+01,2.377516288132e+01,1.953052629442e+01,2.057677241267e+01,2.637386591975e+01,4.664355883010e+01,2.703735614687e+01,1.901563863687e+01,1.654140534616e+01,1.566831070247e+01,1.632006941485e+01,2.494240800503e+01,4.404046154783e+01,2.392424242424e+01,1.486721873795e+01,1.276274127748e+01,1.539649678297e+01,2.203940611744e+01,2.660874992389e+01,3.096976800828e+01,3.233172989101e+01,2.974795510361e+01,2.568143254379e+01,2.367868233575e+01,2.486244900444e+01,2.202536077452e+01,1.930810448761e+01,2.235519292050e+01,2.810648683757e+01,3.588533357689e+01,2.867720067385e+01,3.666250583531e+01,5.055787614930e+01,4.414821693154e+01,2.491566705230e+01,1.490235239197e+01,1.598005845461e+01,1.130096612474e+02,4.999166818892e+01,2.095487020236e+01,1.466447461893e+01,1.011598571110e+01,9.813533865108e+00,1.662643853133e+01,5.344923785748e+01,3.266797580629e+01,1.478893421827e+01,1.768212263289e+01,3.669167224827e+01,4.307805110719e+01,3.602422415718e+01,3.004041080598e+01,3.045509346648e+01,2.919227100205e+01,3.472343664373e+01,3.468926708478e+01,2.918862773752e+01,2.107393086931e+01,1.636813209117e+01,1.729381558384e+01,2.192565304756e+01,3.770144512777e+01,2.337721488157e+01,2.732063772352e+01,3.859095983275e+01,4.384723659908e+01,3.720629604823e+01,2.844213399907e+01,2.593065619355e+01,1.096539609085e+02,6.433665185005e+01,4.824385516248e+01,2.868379711380e+01,1.113199983763e+01,9.072083866123e+00,1.334760194037e+01,4.077311291076e+01,2.052162617467e+01,3.055409080761e+01,7.032085083927e+01,8.023089569506e+01,3.952578700603e+01,1.281195071952e+01,5.920771681991e+00,7.265197182813e+00,1.904372932270e+01,3.264811544785e+01,4.024695041507e+01,3.020571759118e+01,1.827710121983e+01,1.280504982849e+01,1.092579512472e+01,1.226465931925e+01,2.008007063265e+01,4.117891574824e+01,5.690119547789e+01,4.394008402850e+01,2.253624997463e+01,1.247172664353e+01,1.046868213278e+01,1.177053522499e+01,1.937712354625e+01,5.332031297570e+01,8.175614483752e+01,5.322827741582e+01,1.794473198157e+01,7.606913069070e+00,6.791136414378e+00,8.339067161907e+00,1.247567435913e+01,3.148871501350e+01,7.140410805983e+01,5.790015019586e+01,1.639835393452e+01,6.292151251294e+00,7.101443098094e+00,9.697527857273e+00
1.698032600965e+01,1.303419641312e+01,1.118477404225e+01,1.372545797051e+01,1.344516848317e+01,8.566230321204e+00,7.079897353094e+00,1.042907944563e+01,1.010596466947e+02,3.805616746439e+01,8.497847106088e+00,5.866472521769e+00,5.727553197624e+00,4.652961190243e+00,5.433760067662e+00,2.468294792688e+01,1.494499163831e+02,4.089258597159e+01,2.369000249889e+00,9.975779943487e-01,1.507439017358e+00,2.072573669339e+00,4.584693308729e+00,4.667202006805e+01,4.721714434000e+01,1.182052169233e+01,4.146175729966e+00,5.192674394018e+00,1.091309613056e+01,1.023936528074e+01,9.906877727159e+00,2.268323626088e+01,2.173788516618e+01,1.405099667455e+01,9.651394575476e+00,1.229608057974e+01,1.452689195164e+01,1.125385887012e+01,1.011940872306e+01,1.464934740403e+01,1.195248447802e+02,4.134786536724e+01,9.148693846952e+00,7.738903946331e+00,8.920871537589e+00,7.485246910021e+00,6.675912577129e+00,2.003070757165e+01,1.585123118621e+02,5.831478384561e+01,2.278348038368e+00,1.108182919093e+00,1.363550737174e+00,1.370288141783e+00,1.951454164504e+00,3.099123464621e+01,6.493849835650e+01,1.564501278281e+01,5.744382292448e+00,8.304153931915e+00,1.426265305730e+01,1.110189723776e+01,8.087759260327e+00,1.789513292198e+01,2.165966015032e+01,1.505736885608e+01,1.015648847625e+01,1.124264267728e+01,1.453946331430e+01,1.243792168848e+01,9.493916152471e+00,1.340316782961e+01,1.200568979105e+02,2.068627337908e+01,6.784287718894e+00,7.460075351287e+00,8.907896507314e+00,7.793206850816e+00,8.747582799915e+00,4.028362455068e+01,1.585535436249e+02,3.112367606636e+01,1.922649597294e+00,1.359225727082e+00,1.355246717798e+00,1.110105145801e+00,2.190377333103e+00,5.817235645772e+01,6.499500221056e+01,1.763432520231e+01,7.937095131000e+00,1.107172788959e+01,1.422295907579e+01,8.418334198335e+00,5.898477596448e+00,1.595803779098e+01,1.663062491590e+01,1.058727870365e+01,7.240864617573e+00,8.703140918440e+00,1.350939968860e+01,1.399569421218e+01,1.088459911962e+01,1.234124329623e+01,1.013192049670e+02,2.556915210580e+01,5.586692424505e+00,4.660390596467e+00,5.719114622379e+00,5.961728466255e+00,8.192895450089e+00,3.662796263191e+01,1.500876439267e+02,4.813165330719e+01,4.754810372335e+00,2.060348307479e+00,1.449647271399e+00,9.355861830344e-01,2.178786306057e+00,3.983817734464e+01,4.747733694712e+01,2.331765757453e+01,1.016226476751e+01,1.040040943429e+01,1.073317571074e+01,5.066057320800e+00,4.102348961036e+00,1.179152490245e+01
2.614843750000e+01,3.091371996206e+01,3.127450463744e+01,2.435019234823e+01,1.512729236931e+01,1.099783937605e+01,1.231728235666e+01,1.708973176644e+01,4.505468750000e+01,3.692680227656e+01,2.445295373103e+01,1.720554911467e+01,1.395234770236e+01,1.495813132378e+01,1.960796532462e+01,2.970279563659e+01,2.838701517707e+01,2.338547375632e+01,1.918452255481e+01,1.906935075885e+01,2.147491568297e+01,2.365804173693e+01,2.599866937184e+01,2.709825569140e+01,2.303694139966e+01,2.164708052277e+01,1.794302013069e+01,1.605719066189e+01,1.693628794266e+01,1.926777244941e+01,2.094133379005e+01,2.138559232715e+01,3.905906144604e+01,3.678003794266e+01,3.820581260540e+01,3.431858663575e+01,2.319128109191e+01,1.639223229342e+01,1.302926064503e+01,1.604076201518e+01,1.122715008432e+02,5.070444245363e+01,1.803069666948e+01,9.053449093592e+00,7.151981450253e+00,1.108704416105e+01,2.018568191400e+01,5.030168370573e+01,3.582334264334e+01,1.481747997470e+01,1.350952518971e+01,2.300621838111e+01,3.950953836425e+01,4.685435550169e+01,3.958795320405e+01,3.144499631113e+01,2.884389491990e+01,2.454247470489e+01,2.031467379848e+01,1.872889439292e+01,2.054388438027e+01,2.328695457420e+01,2.682767706577e+01,2.928294951518e+01,2.975291157251e+01,1.063237774030e+01,9.068929173693e+00,1.366738248314e+01,2.148455944351e+01,4.704628214587e+01,7.126986720067e+01,4.550289839798e+01,1.128832999578e+02,4.241140124368e+01,1.162842537943e+01,6.951003899663e+00,6.031302698145e+00,1.496748524452e+01,4.649803699410e+01,7.180022133221e+01,3.864423482293e+01,2.388847755059e+01,2.458003530776e+01,3.252426749578e+01,3.815402350337e+01,3.538453836425e+01,3.414963638280e+01,3.002346384907e+01,2.757730817875e+01,1.873139755481e+01,1.557065503794e+01,1.500840535413e+01,1.849624525717e+01,2.666032093170e+01,4.125335950675e+01,4.097404616358e+01,1.612248366358e+01,7.114723861720e+00,4.689252213322e+00,3.709540999157e+00,7.397976391231e+00,3.771710318297e+01,8.630683494941e+01,5.566999104132e+01,2.275667948988e+01,6.971977761383e+00,5.456919266442e+00,5.182585897976e+00,9.314199515177e+00,3.659212953204e+01,9.167916051855e+01,7.383384274874e+01,1.786136435497e+01,8.244005586003e+00,8.271764333895e+00,1.004044582631e+01,1.736419688027e+01,4.105398924958e+01,6.918060971754e+01,5.076086899241e+01,1.641838374789e+01,9.584448777403e+00,9.945259801855e+00,1.215253478078e+01,1.641340377319e+01,3.039816083474e+01,4.852157989039e+01,3.694523345278e+01
4.721192903497e+01,2.166337072522e+01,1.021885051201e+01,1.200743291623e+01,1.155134281201e+01,6.027379044632e+00,4.634320979236e+00,1.210178776410e+01,1.514701603646e+02,4.548666280246e+01,4.267323581893e+00,2.254355757100e+00,1.499835202928e+00,9.343312080194e-01,1.838385215998e+00,3.784076056690e+01,1.089236364463e+02,2.435329082705e+01,4.011729005421e+00,3.324366099537e+00,4.521395206110e+00,4.112084739791e+00,5.895018582291e+00,3.538893245593e+01,1.991546478457e+01,1.012949640288e+01,5.496107379499e+00,6.838998943026e+00,1.230825008240e+01,1.071466239331e+01,8.422255560481e+00,1.235945082796e+01,6.323175014491e+01,1.748498073579e+01,8.802073033516e+00,1.281111982452e+01,1.448677645561e+01,9.481377930831e+00,6.352927136963e+00,1.588988145976e+01,1.586595178833e+02,3.034381215407e+01,2.063316171707e+00,1.549285689931e+00,1.317205950879e+00,1.059145100981e+00,1.815552297498e+00,5.356710650437e+01,1.283485514906e+02,2.055853705661e+01,4.993737711253e+00,5.335151783786e+00,6.923886483230e+00,5.441951651949e+00,6.282996351734e+00,3.852591860161e+01,2.603617579870e+01,1.419130098765e+01,7.889347289941e+00,8.952936229216e+00,1.377159125780e+01,9.643129098617e+00,7.261663654858e+00,1.331192107925e+01,6.311278938934e+01,1.554858104038e+01,6.302306022481e+00,9.516837714662e+00,1.442225556048e+01,1.272580040233e+01,8.953186266153e+00,1.795643674634e+01,1.586038164729e+02,5.322146453453e+01,1.796390375851e+00,1.073113073522e+00,1.328503074318e+00,1.513382658802e+00,2.107765919965e+00,3.112314319161e+01,1.281425665155e+02,3.844906633935e+01,6.325082114403e+00,5.561298828236e+00,6.876754520554e+00,5.212463204792e+00,5.026219782468e+00,2.071794696944e+01,2.611709684385e+01,1.331551251889e+01,7.342652891904e+00,9.601543409822e+00,1.360853307875e+01,8.927602941344e+00,7.990089445032e+00,1.428487162876e+01,4.713559957721e+01,1.171893575187e+01,4.521974837192e+00,5.884107879573e+00,1.132783252071e+01,1.194610567470e+01,1.068841988021e+01,2.274756498119e+01,1.508724129701e+02,3.670714991987e+01,1.755861661382e+00,8.986441178811e-01,1.466796231261e+00,2.244251991772e+00,4.658745041881e+00,4.714446452317e+01,1.082178958255e+02,3.431005716754e+01,5.755861661382e+00,4.060645322604e+00,4.474388261902e+00,3.347403593713e+00,4.292941002648e+00,2.525117346881e+01,1.985444440656e+01,1.201284280632e+01,8.351313262186e+00,1.065816541080e+01,1.214087308352e+01,6.842851784923e+00,5.772909634378e+00,1.041661836408e+01
1.541003127600e+01,9.401667097070e+00,8.280623224585e+00,3.515924937591e+01,9.218085564259e+01,2.760349774755e+01,5.302243838053e+00,5.642463630886e+00,1.037505810450e+02,3.826561648159e+01,9.922685145333e+00,1.239460847608e+01,2.034376345012e+01,5.760365556225e+00,4.763191873978e+00,3.167216148748e+01,7.491601388769e+01,2.578365039741e+01,8.055866402686e+00,7.440389084962e+00,1.127006398669e+01,8.414493127887e+00,1.001134831138e+01,3.321808556426e+01,2.560758658288e+01,1.485894235460e+01,8.576884450948e+00,1.028428165619e+01,1.677837077846e+01,1.383902900921e+01,1.116670970704e+01,1.562556311153e+01,2.089974462713e+01,6.332931623196e+00,4.848096180884e+00,4.162011133110e+01,1.209151387335e+02,3.846287050587e+01,4.453215115779e+00,5.660468853118e+00,1.280892657313e+02,2.790251355772e+01,4.897190898396e+00,9.944133597314e+00,2.485613038363e+01,7.873160024103e+00,5.347952712978e+00,4.661422914694e+01,8.855578032194e+01,2.195351639838e+01,8.035321798514e+00,1.119909041347e+01,1.840261398525e+01,1.380829818370e+01,1.274356546441e+01,3.560642449284e+01,3.282141115033e+01,1.913937907090e+01,1.121382456744e+01,1.314830277467e+01,1.909153252417e+01,1.379352098935e+01,1.092500932541e+01,1.786014748501e+01,2.091013170354e+01,5.656867808671e+00,4.457375685059e+00,3.799925396689e+01,1.210284783794e+02,4.231809704169e+01,4.867693896875e+00,6.308699893834e+00,1.279730567272e+02,4.642638661731e+01,5.276749591116e+00,7.810464549080e+00,2.501822042409e+01,1.017032509828e+01,4.953329890104e+00,2.802087458036e+01,8.869877478408e+01,3.552035809589e+01,1.248589710482e+01,1.380745172305e+01,1.836108002640e+01,1.113260738573e+01,8.181544288543e+00,2.207971076870e+01,3.290333132478e+01,1.782489742045e+01,1.075792660182e+01,1.373418266334e+01,1.919544632866e+01,1.326508565034e+01,1.131915870420e+01,1.927885856934e+01,1.546581159795e+01,5.655146193796e+00,5.381265960805e+00,2.738878367909e+01,9.228527158475e+01,3.574652090327e+01,8.185087945827e+00,9.433430891510e+00,1.038774784081e+02,3.152126194370e+01,4.705632549999e+00,5.689879773895e+00,2.061658202060e+01,1.276613296606e+01,9.928782531348e+00,3.826211586468e+01,7.507306820464e+01,3.331511290924e+01,9.952454735876e+00,8.481047889587e+00,1.123670769849e+01,7.317752718717e+00,7.977805514906e+00,2.576851453330e+01,2.565722647844e+01,1.562368368196e+01,1.119650799116e+01,1.403067343835e+01,1.691016039712e+01,1.018699606898e+01,8.444721815730e+00,1.483479670598e+01
8.971662719847e+00,8.580142617673e+00,2.883283665487e+01,7.614360216055e+01,5.096129899157e+01,1.498645664263e+01,9.864792592395e+00,1.095222574036e+01,2.296559614719e+01,2.285175478275e+01,4.065762445787e+01,6.881612697230e+01,4.188959103850e+01,1.407891866003e+01,1.082707607163e+01,1.604725540803e+01,3.276045020355e+01,2.490175079158e+01,2.450665194370e+01,2.961852433281e+01,2.352300242131e+01,1.763285261954e+01,2.048769390416e+01,2.982448181359e+01,2.736334246867e+01,2.136014953569e+01,1.740019423676e+01,1.812158422691e+01,1.775604661682e+01,1.597843439853e+01,1.812367293723e+01,2.418899502435e+01,1.328443711252e+01,1.256984540883e+01,4.178927972754e+01,1.113877817098e+02,7.484634010058e+01,1.050735704973e+01,3.112351329058e+00,4.574608200516e+00,1.032802862997e+02,3.730934198973e+01,2.983865045366e+01,4.705702046138e+01,2.307689646915e+01,1.033255727324e+01,1.774911529149e+01,4.839475294681e+01,4.439191921880e+01,1.525272064497e+01,1.209585450869e+01,2.238856663917e+01,3.639790596812e+01,3.928796264268e+01,3.962659979246e+01,4.197231461033e+01,3.272330574994e+01,2.273510629806e+01,1.771497751643e+01,2.029605140622e+01,2.207698959636e+01,2.013974403321e+01,2.301246574249e+01,3.065195700184e+01,2.529651704228e+01,1.150651890482e+01,1.985325812202e+01,7.401270521246e+01,7.450754330415e+01,2.869051166751e+01,1.440236277040e+01,1.617031636644e+01,1.160617566453e+02,5.420577122635e+01,1.613093685975e+01,1.587723172711e+01,1.370285767501e+01,8.818694622569e+00,1.241799483809e+01,4.475334592768e+01,4.955215123859e+01,3.050826171407e+01,2.679429529308e+01,3.627914216534e+01,3.735792778650e+01,2.352235053083e+01,1.657776122183e+01,2.188377723971e+01,3.086186573717e+01,2.105261687465e+01,1.836944895298e+01,2.233798525929e+01,2.308184551526e+01,1.919631216241e+01,2.152481174999e+01,3.000803554799e+01,2.257702950802e+01,1.042952930846e+01,1.031133757284e+01,2.515757124232e+01,3.891041162228e+01,3.024018838305e+01,2.689088151558e+01,2.958360162840e+01,6.411726046351e+01,2.736709416491e+01,1.239810552643e+01,1.097291328526e+01,1.247839448687e+01,1.475244126334e+01,2.576458771253e+01,5.453137056648e+01,3.764088816752e+01,2.512851555224e+01,1.971105286965e+01,2.121201074954e+01,2.079245935662e+01,1.669906606710e+01,1.940635393662e+01,3.136877045473e+01,2.363137588803e+01,1.728990501024e+01,1.740773754091e+01,2.152696697975e+01,2.026992257138e+01,1.549839022963e+01,1.668860921161e+01,2.368863581939e+01
3.361377449312e+01,2.777631642923e+01,2.175915301211e+01,2.369346525988e+01,1.951214323917e+01,1.127620703068e+01,1.055603636894e+01,1.940216122915e+01,9.291062138377e+01,4.585866922740e+01,1.503979676180e+01,9.709777799387e+00,6.787888364856e+00,5.434689065007e+00,1.159645305587e+01,4.995963193465e+01,5.750544561676e+01,2.475250401128e+01,1.626405163612e+01,2.270084358438e+01,2.047639422376e+01,1.577037244129e+01,2.212458063889e+01,4.536799241503e+01,1.033953663636e+01,1.134385180143e+01,2.153224826178e+01,4.378284387611e+01,4.193464044343e+01,2.404016142364e+01,1.544329508436e+01,1.215752175816e+01,4.603561530607e+01,2.562670783294e+01,2.220179170516e+01,2.962490883454e+01,2.765537025332e+01,1.692886663101e+01,1.284613701561e+01,2.092002965916e+01,1.248699615890e+02,4.595622842417e+01,1.223536490494e+01,1.014438177663e+01,6.862850683133e+00,3.944620022366e+00,7.151480527058e+00,6.121850537268e+01,5.525193270774e+01,2.114721398357e+01,3.768227014149e+01,7.947081489765e+01,4.688679681042e+01,1.152023873195e+01,9.847255311907e+00,2.718285360043e+01,1.049771478582e+01,1.930347158069e+01,5.008288763553e+01,7.825314824719e+01,4.272379296932e+01,1.173616716099e+01,6.036830845529e+00,7.381241795109e+00,4.209111683765e+01,1.751621529635e+01,1.249197743959e+01,1.974993922303e+01,2.493861525745e+01,2.386895269120e+01,2.622617542665e+01,3.296598920601e+01,1.136880439539e+02,6.892940146837e+01,3.747790149268e+01,2.262486021296e+01,9.154580152672e+00,6.650325764574e+00,1.111204842709e+01,3.663674818885e+01,2.216650459474e+01,2.859157874265e+01,6.601657995819e+01,1.016157072009e+02,4.686074779987e+01,9.919336801673e+00,6.063499781203e+00,8.048597267467e+00,1.809708513638e+01,2.048648320124e+01,4.105579326105e+01,5.786861234016e+01,3.129110954442e+01,1.309070355424e+01,1.298169397579e+01,1.760199591579e+01,2.814165896825e+01,1.730974376428e+01,1.338650508095e+01,1.476236203627e+01,1.683378713473e+01,1.755999902757e+01,2.251671366753e+01,3.018297515437e+01,3.865828754801e+01,2.914293528468e+01,2.520118393543e+01,2.387894442554e+01,1.889853892157e+01,1.549195312880e+01,1.935886371372e+01,3.154549764185e+01,1.873686001848e+01,1.817689745709e+01,2.995345699421e+01,4.130018962416e+01,3.100000000000e+01,2.028605290028e+01,1.874337530996e+01,2.075222443721e+01,1.915927213497e+01,1.411646083532e+01,1.942193805611e+01,2.902072494773e+01,2.340650070501e+01,1.707125492293e+01,1.893092089269e+01,2.279537608791e+01
2.315241254686e+01,2.955454864202e+01,2.669838444319e+01,2.994025946004e+01,3.877839361329e+01,2.508019796639e+01,1.046474903579e+01,1.066165007956e+01,6.508031933544e+01,5.422921218006e+01,2.519973298811e+01,1.447693988187e+01,1.256444696173e+01,1.116715214284e+01,1.270042074602e+01,2.781013836071e+01,3.718352347817e+01,3.016933678561e+01,1.893680718505e+01,1.701406532352e+01,2.175844863392e+01,2.183991423254e+01,2.001944601775e+01,2.525402540659e+01,2.328323488955e+01,2.300296679882e+01,1.670913234620e+01,1.587395150632e+01,2.097640046390e+01,2.174508455377e+01,1.732091323462e+01,1.709749979772e+01,2.578594546484e+01,1.604763060658e+01,1.428351808399e+01,2.846996790463e+01,7.414425385010e+01,7.402128003884e+01,2.000368152763e+01,1.176152331634e+01,1.168899452491e+02,4.465711896863e+01,1.217527038326e+01,8.672168729940e+00,1.366623513229e+01,1.563929120479e+01,1.620760849044e+01,5.482226177954e+01,4.838275750465e+01,2.116464384929e+01,1.659435768805e+01,2.433777004612e+01,3.897622515306e+01,3.723567171022e+01,2.692820346846e+01,3.013625697872e+01,3.003442835181e+01,2.908800604148e+01,2.148024381692e+01,1.986997329881e+01,2.397142433314e+01,2.258311082342e+01,1.845262561696e+01,2.092932276074e+01,1.350373546943e+01,4.619750788899e+00,3.151900099792e+00,1.061673004828e+01,7.441714540011e+01,1.107985948162e+02,4.205085362893e+01,1.272360223319e+01,1.040363432856e+02,4.927587183429e+01,1.836031771718e+01,1.059066267497e+01,2.300082261240e+01,4.634003560159e+01,2.961538150336e+01,3.719065728079e+01,4.318719152035e+01,4.188050543464e+01,4.064401111201e+01,4.044742023357e+01,3.733655635569e+01,2.257280794023e+01,1.183422337298e+01,1.480293713084e+01,3.219025271732e+01,3.005542519621e+01,2.282606467621e+01,2.045838390377e+01,2.263554224991e+01,2.066047684548e+01,1.798937346603e+01,2.281720473609e+01,9.177441540578e+00,1.111743129164e+01,1.004845321898e+01,1.521905763681e+01,5.065488038407e+01,7.519164171859e+01,2.891533834992e+01,8.735793079267e+00,2.269512096448e+01,1.622700056639e+01,1.123054723953e+01,1.458814089597e+01,4.210185559781e+01,6.823723602233e+01,4.043962564393e+01,2.264689699814e+01,3.241714540011e+01,2.976721417590e+01,2.111283275346e+01,1.829396930712e+01,2.368369878901e+01,2.926469239690e+01,2.447246271273e+01,2.471658979961e+01,2.728469131807e+01,2.424183456051e+01,1.821888232597e+01,1.636068182431e+01,1.784650861720e+01,1.811480162904e+01,1.755330798069e+01,2.136162580576e+01
4.587049435821e+01,7.713845770214e+01,4.203755376847e+01,1.551830933234e+01,6.479970076679e+00,3.366012094009e+00,3.558680880244e+00,9.196259584814e+00,8.357743282838e+01,9.854810797332e+01,2.769218876629e+01,5.987245184215e+00,3.241867713983e+00,3.249099183343e+00,4.713122623278e+00,1.490137771959e+01,4.559214512811e+01,4.007852378281e+01,1.550711302288e+01,9.627317498909e+00,9.942871392058e+00,1.086231531700e+01,1.138157222118e+01,1.822012343370e+01,1.540412692476e+01,1.464293996634e+01,1.064067078112e+01,1.072560314195e+01,1.528369802381e+01,1.680026182906e+01,1.352046630509e+01,1.258121064772e+01,6.094158718284e+01,6.274434262203e+01,3.416781996135e+01,2.049707624213e+01,1.427656629886e+01,1.014490368431e+01,8.530166448476e+00,1.656495230971e+01,1.304070319805e+02,9.443949878437e+01,1.668220185774e+01,3.289433327099e+00,1.683959852877e+00,1.855208528147e+00,3.756099993766e+00,3.239412754816e+01,8.994426781373e+01,3.813789663986e+01,1.161376472788e+01,9.449448288760e+00,1.059907736425e+01,1.104830122810e+01,1.268253849511e+01,2.869506888598e+01,2.368813664983e+01,1.841807867340e+01,1.290655196060e+01,1.289144068325e+01,1.599118508821e+01,1.529117885419e+01,1.334828252603e+01,1.649743781560e+01,6.126080668288e+01,1.747773829562e+01,8.506763917462e+00,9.882700579764e+00,1.450028053114e+01,2.125702886354e+01,3.342640733121e+01,6.001494919269e+01,1.317763231719e+02,3.357168505704e+01,4.090730004364e+00,1.886453463001e+00,1.742397606134e+00,3.305068262577e+00,1.501907611745e+01,9.135749641544e+01,9.073017891653e+01,2.879432703697e+01,1.258800573530e+01,1.088038152235e+01,1.043751636432e+01,9.276516426657e+00,1.095254659934e+01,3.772600211957e+01,2.363411258650e+01,1.597602393866e+01,1.315497786921e+01,1.530162708061e+01,1.612636369304e+01,1.308806184153e+01,1.313833302163e+01,1.872733620098e+01,4.583701764229e+01,9.782420048625e+00,3.811495542672e+00,3.687164141886e+00,7.028202730503e+00,1.624942335266e+01,4.046912287264e+01,7.306604326414e+01,8.659248176548e+01,1.641069758743e+01,4.810198865407e+00,3.223003553394e+00,3.243949878437e+00,5.905080730628e+00,2.573120129668e+01,9.553539056169e+01,4.892621407643e+01,1.969558007606e+01,1.167463375101e+01,1.067499532448e+01,9.555937909108e+00,8.959977557509e+00,1.432248612929e+01,3.966546973381e+01,1.556811919456e+01,1.288207717723e+01,1.374149990649e+01,1.702028551836e+01,1.527357396671e+01,1.052322174428e+01,1.032930615298e+01,1.429369740041e+01
2.926869375273e+01,3.936581913499e+01,3.348105723023e+01,1.926774137178e+01,1.014869375273e+01,8.514119702927e+00,1.151709916994e+01,1.800627348187e+01,2.673820882481e+01,4.294346876365e+01,4.370375709917e+01,2.705822629969e+01,1.575708169506e+01,1.292401922237e+01,1.406949759720e+01,1.793799038882e+01,3.221983398864e+01,3.747466142420e+01,3.110192223678e+01,2.143543905636e+01,1.735951070336e+01,1.628873743993e+01,1.645562254260e+01,2.150258628222e+01,2.274871996505e+01,1.928664919179e+01,1.555334207077e+01,1.407983398864e+01,1.637677588467e+01,1.922233289646e+01,2.011306247270e+01,2.227073831367e+01,2.643315858453e+01,5.411500218436e+01,6.055293141110e+01,3.425084316295e+01,1.246231542158e+01,6.990039318480e+00,7.063093053735e+00,1.164805591962e+01,2.859371778069e+01,6.366306684142e+01,9.376556574924e+01,6.306917431193e+01,1.693820882481e+01,5.434180865007e+00,3.881668851027e+00,6.641162079511e+00,1.114222629969e+02,8.070671035387e+01,4.492139799039e+01,1.588991699432e+01,6.013569244211e+00,6.254460463084e+00,9.244901703801e+00,3.217858453473e+01,4.067972913936e+01,1.907535168196e+01,1.179216251638e+01,1.414728702490e+01,2.008523372652e+01,2.551175185671e+01,2.619946701616e+01,3.068412407165e+01,2.072866754041e+01,4.073729139362e+01,5.170173001311e+01,3.793276539974e+01,1.967606815203e+01,1.245283529926e+01,8.550100480559e+00,9.985146352119e+00,7.555443425076e+01,3.966499781564e+01,4.475396242901e+01,4.000925294889e+01,1.744070773263e+01,9.645801660114e+00,1.163938837920e+01,3.370251638270e+01,1.266348099607e+02,5.011412844037e+01,1.161044997816e+01,5.943066841415e+00,3.688073394495e+00,3.370904325033e+00,7.150869375273e+00,6.657273044998e+01,4.599754477938e+01,2.738622105723e+01,2.123258191350e+01,2.302724333770e+01,2.310760157274e+01,1.851166448231e+01,1.394665792923e+01,2.145660987331e+01,1.886253385758e+01,2.178662297947e+01,2.031617300131e+01,2.065611183923e+01,2.200501529052e+01,2.282138051551e+01,1.859437308869e+01,1.604823066841e+01,7.062452599388e+01,4.256399301005e+01,1.786941022280e+01,1.070075141983e+01,9.161607688947e+00,1.131820008737e+01,1.711846221057e+01,3.890546089996e+01,9.551999126256e+01,6.639307121014e+01,2.149747487986e+01,7.706902577545e+00,4.252267365662e+00,3.472302315422e+00,7.361100917431e+00,3.670450851900e+01,3.229591961555e+01,3.966124071647e+01,2.970792485802e+01,2.136208824814e+01,1.486546089996e+01,8.583302752294e+00,7.569314110965e+00,1.410637833115e+01
3.025041339885e+01,3.661695643957e+01,2.858089624870e+01,2.201451620523e+01,1.503961542096e+01,8.679438722479e+00,7.270256543513e+00,1.313319710857e+01,9.242176131532e+01,6.295740810734e+01,2.198018047813e+01,9.014941415478e+00,4.602522914108e+00,3.460916091845e+00,6.552041009166e+00,3.642041481621e+01,7.937214164226e+01,4.575283473495e+01,1.344807710479e+01,6.212168099783e+00,6.119932911273e+00,8.431883681376e+00,1.469764008315e+01,4.212523622791e+01,2.876412642918e+01,2.537299206274e+01,1.337133846735e+01,1.009206982897e+01,1.421997543230e+01,1.912942927336e+01,1.873237739771e+01,2.107891193423e+01,4.432920721913e+01,2.580234810545e+01,2.108104979684e+01,2.299697628272e+01,2.135828687518e+01,1.667884815270e+01,1.316423745630e+01,2.057325427573e+01,1.253945478598e+02,4.439392185581e+01,1.023543654918e+01,4.884519984881e+00,3.256897855051e+00,3.468699801569e+00,8.415170556553e+00,7.469200604743e+01,8.822696777851e+01,4.319368326561e+01,2.569108475858e+01,1.427791032788e+01,1.069480534820e+01,1.092572994425e+01,1.634421950298e+01,4.787417320231e+01,3.568460030237e+01,4.377240621752e+01,2.924524000756e+01,1.561597609374e+01,1.389468959652e+01,1.359562505906e+01,1.220335679864e+01,1.724037371256e+01,4.142744259662e+01,2.235605452140e+01,1.274789757158e+01,1.413807521497e+01,1.892315506000e+01,2.296656193896e+01,2.305570254181e+01,2.556418312388e+01,1.150233275064e+02,9.199549985826e+01,3.362509449117e+01,7.490574506284e+00,4.091054048946e+00,5.246007748276e+00,8.320372295190e+00,2.943379712747e+01,4.943763583105e+01,9.013063403572e+01,7.593780119059e+01,2.750079136351e+01,9.169481715960e+00,5.152095341586e+00,4.334321553435e+00,1.075467731267e+01,3.492717093452e+01,6.314722904658e+01,4.862168099783e+01,1.984019181707e+01,1.006068695077e+01,7.177430785222e+00,6.743976188226e+00,1.179937163375e+01,2.206048615704e+01,2.252818198998e+01,1.601928800907e+01,1.322379051309e+01,1.636322403855e+01,1.974757866389e+01,1.888656335633e+01,1.758014031938e+01,4.137234243598e+01,5.582000614193e+01,3.045745535292e+01,1.385434186904e+01,1.164699281867e+01,1.335214494945e+01,1.461827931588e+01,1.833019937636e+01,3.903190257961e+01,7.312316923368e+01,4.963879571010e+01,1.556782103373e+01,7.636114523292e+00,7.206900217330e+00,8.878177265426e+00,1.440703250496e+01,3.334642823396e+01,5.684449116508e+01,4.263518142304e+01,1.639022488897e+01,6.757653784371e+00,4.930678919021e+00,6.289898894453e+00,1.258795946329e+01
2.795166886576e+01,2.941878023750e+01,2.212145091140e+01,1.779869764942e+01,1.715011239799e+01,1.471756340713e+01,1.343865757709e+01,1.721581635146e+01,3.827984655231e+01,3.091393002004e+01,1.901908322338e+01,1.562676538142e+01,1.931109807946e+01,2.415542686801e+01,2.523580364560e+01,2.904803792210e+01,1.859825050090e+01,2.056658358989e+01,1.850072081318e+01,2.028385378488e+01,3.159992425353e+01,4.158826907101e+01,2.955861799345e+01,1.810495772858e+01,1.901084884914e+01,2.261992376484e+01,1.892734447539e+01,1.724450227239e+01,2.406622929189e+01,2.914886624640e+01,1.897238919025e+01,1.396167473000e+01,4.158967404584e+01,3.219222499145e+01,2.607919171187e+01,2.460803645604e+01,2.565592777208e+01,1.968223134438e+01,1.226599227875e+01,1.728871621952e+01,1.136975761130e+02,3.646435029077e+01,1.114892733226e+01,6.771013536627e+00,9.437289253775e+00,2.309836045546e+01,3.727693886527e+01,6.847985388262e+01,2.188916581146e+01,8.000109954552e+00,6.001356106143e+00,1.010054732933e+01,4.912979524019e+01,1.026076577237e+02,6.427790402189e+01,2.792071055075e+01,1.803473342130e+01,1.783685187900e+01,1.321030640669e+01,1.355275375067e+01,3.256763426673e+01,5.786129844109e+01,3.904695059375e+01,1.970577383570e+01,4.557853198456e+01,2.045284171431e+01,1.278224111812e+01,1.732788447442e+01,2.841792503543e+01,3.000858867224e+01,2.215959292381e+01,2.573525387284e+01,1.248051238821e+02,6.056139129160e+01,7.085214777892e+00,4.053743341641e+00,7.175524116698e+00,1.042155353565e+01,1.235729120852e+01,4.640721057518e+01,5.406067047842e+01,2.650700043982e+01,9.665542686801e+00,1.192018521233e+01,4.974709231296e+01,8.148779504471e+01,3.646241997752e+01,2.026506377364e+01,1.031846503445e+01,7.460049846064e+00,6.046229780580e+00,1.188502419000e+01,4.423593803450e+01,7.926544250599e+01,4.875873527831e+01,1.848565703953e+01,3.346317744221e+01,1.935466451644e+01,1.055816595807e+01,1.115055221620e+01,1.949339050970e+01,2.370671455798e+01,2.184755412207e+01,2.803304745150e+01,9.218552998094e+01,4.917596393491e+01,1.171491228070e+01,5.494404535014e+00,6.826186287446e+00,9.828703024972e+00,1.539995357474e+01,4.629608317451e+01,5.590271465572e+01,4.422840003909e+01,2.217046620730e+01,1.627335923374e+01,2.203005424425e+01,2.389630064018e+01,1.642399697014e+01,2.432738357035e+01,9.844047793579e+00,1.175229682842e+01,1.509507403607e+01,2.393814445585e+01,4.323889459024e+01,4.500039094952e+01,2.161986267898e+01,1.101023799052e+01
2.223042182808e+01,1.810972691441e+01,1.924680930931e+01,1.944375234610e+01,1.613847832207e+01,1.324408783784e+01,1.605491037913e+01,2.226216450826e+01,4.156603087462e+01,1.886603791291e+01,1.503821790541e+01,1.341066066066e+01,1.167168731231e+01,1.396745964715e+01,3.021740099474e+01,5.485489395646e+01,3.858495213964e+01,1.476211758634e+01,9.351445195195e+00,7.531425957207e+00,7.951564846096e+00,1.601879222973e+01,4.894418637387e+01,7.105716263138e+01,3.338370401652e+01,1.292700121997e+01,6.657927458709e+00,5.126736111111e+00,6.870507225976e+00,1.668175206456e+01,4.209959177928e+01,5.567630912162e+01,4.167701295045e+01,2.600916150526e+01,2.332401933183e+01,2.295933042417e+01,1.889342858483e+01,1.425147804054e+01,1.266703031156e+01,2.194242680180e+01,1.154492656719e+02,2.934019566441e+01,8.257800769520e+00,5.096987612613e+00,4.129176051051e+00,7.756181963213e+00,3.433562077703e+01,9.263893581081e+01,4.761921687312e+01,1.003946133634e+01,4.329743806306e+00,5.223524305556e+00,9.722890859610e+00,2.923212274775e+01,7.746710773273e+01,8.898789414414e+01,3.481531531532e+01,1.186399680931e+01,6.740322353604e+00,7.020938907658e+00,9.933030686937e+00,2.009084084084e+01,4.923972409910e+01,6.329967858483e+01,4.503638795045e+01,2.093378143769e+01,1.336758633634e+01,1.676519097222e+01,2.118164649024e+01,2.275080940315e+01,2.075879786036e+01,2.563400900901e+01,1.261140789227e+02,7.573987659535e+01,8.375304992492e+00,3.433124530781e+00,3.244862049550e+00,4.824371246246e+00,9.753495683183e+00,4.356050581832e+01,8.695441535285e+01,4.795300769520e+01,1.663207347973e+01,1.135007272898e+01,1.139720579955e+01,1.507868806306e+01,2.629960820195e+01,4.230946180556e+01,3.531539742868e+01,1.718686655405e+01,1.206346189940e+01,1.349574183559e+01,1.395650337838e+01,1.599228134384e+01,2.995670279655e+01,4.396202843468e+01,3.086344547673e+01,1.340090090090e+01,7.335057713964e+00,8.804300394144e+00,1.494167605105e+01,2.173075028153e+01,2.785964480105e+01,3.608574981231e+01,9.337573902027e+01,3.764484797297e+01,6.715922954204e+00,3.501876876877e+00,4.658302834084e+00,8.769589902402e+00,2.101604729730e+01,6.150279185435e+01,7.902384806682e+01,4.327600647523e+01,1.524475647523e+01,8.646595814565e+00,6.242598066817e+00,6.261038382132e+00,1.324935482357e+01,4.431281672297e+01,2.881567896021e+01,2.134526323198e+01,1.902328500375e+01,1.910145692568e+01,1.422501407658e+01,1.013485360360e+01,1.339914132883e+01,2.511694115991e+01
8.841689738498e+00,9.578817613509e+00,1.273614956416e+01,2.181534382735e+01,4.316508017257e+01,4.906502832210e+01,2.452637036892e+01,1.128573524952e+01,4.993838598276e+01,3.582100824716e+01,1.954645509064e+01,1.706816869992e+01,2.740737842042e+01,3.038968077717e+01,1.875803437784e+01,2.411139047321e+01,9.300013696352e+01,4.341818875530e+01,1.109622665506e+01,5.293855229561e+00,6.435710302592e+00,8.874864259370e+00,1.620964223172e+01,5.220564094035e+01,3.399109737128e+01,1.800953853077e+01,9.708453584042e+00,1.001136797206e+01,1.802463386716e+01,2.196248177896e+01,2.323643816586e+01,3.143876263244e+01,1.077187747635e+01,7.454171028303e+00,5.685453495994e+00,1.153408924152e+01,4.425715878963e+01,7.865240615553e+01,4.685550348768e+01,1.805783773736e+01,5.018498879834e+01,2.109321345764e+01,8.196366553509e+00,1.299556825186e+01,6.038670671219e+01,8.879669722258e+01,3.286990422337e+01,1.748278662062e+01,1.260801725740e+02,5.410094211335e+01,6.529823806216e+00,4.254869542248e+00,8.031560307972e+00,1.049066202295e+01,1.173952473659e+01,4.896554389192e+01,4.589055636538e+01,1.986967921187e+01,1.206501853899e+01,1.735337566158e+01,2.776004969819e+01,2.779630589824e+01,2.180996311768e+01,2.716656720506e+01,1.861766633730e+01,1.773523973507e+01,1.320653120322e+01,1.441081229150e+01,3.452628232094e+01,5.449071093849e+01,3.347294481349e+01,1.825861647280e+01,2.172176839469e+01,6.912803154074e+00,5.753181956035e+00,1.238839918996e+01,6.407123081288e+01,1.048289814806e+02,5.077395149535e+01,2.207535928466e+01,1.169070898187e+02,4.178929140945e+01,1.100654489958e+01,6.922977586898e+00,1.146605750511e+01,2.476504886663e+01,3.012726845828e+01,5.807146560748e+01,4.313671894108e+01,3.442742400970e+01,2.611298511989e+01,2.535284737372e+01,2.528317207510e+01,1.776971540937e+01,1.094013715918e+01,1.621228367101e+01,1.850610955125e+01,2.155981881683e+01,1.835532250017e+01,1.795822612677e+01,2.554527133451e+01,2.742005732902e+01,1.649042722835e+01,1.278212039093e+01,1.607706154554e+01,1.724422552022e+01,1.689587837640e+01,2.290084819551e+01,4.151942436190e+01,4.446683037068e+01,2.473570932428e+01,1.505043192424e+01,4.351101088860e+01,3.343978985883e+01,1.765675963881e+01,1.529217253490e+01,2.175746695755e+01,2.514128765274e+01,2.216410186173e+01,2.662186329084e+01,3.025464453075e+01,3.239187219347e+01,2.253061623800e+01,1.752287779919e+01,1.643045677334e+01,1.341683868632e+01,1.200554702251e+01,1.634510893491e+01
4.457500396547e+01,2.745847590129e+01,1.378683918334e+01,1.586396184088e+01,2.147254764225e+01,9.994754254379e+00,6.999524144026e+00,1.598872674537e+01,1.001449774535e+02,4.225806122680e+01,9.582696970384e+00,8.123008769346e+00,1.445724094174e+01,9.315753098729e+00,8.465727039949e+00,3.390733271397e+01,2.786366726337e+01,1.231502798486e+01,1.010399719018e+01,3.217943169201e+01,7.420607962657e+01,3.121024903129e+01,1.067414062677e+01,1.455794112982e+01,2.117752826811e+01,1.446506990551e+01,1.194392830437e+01,2.562192109855e+01,4.673999002968e+01,2.027651764066e+01,7.940404704176e+00,1.035893136344e+01,5.518456413859e+01,2.514298339036e+01,1.412269153203e+01,2.083994244409e+01,3.142787383019e+01,1.569831864222e+01,8.241009721058e+00,1.639689787224e+01,1.323910516417e+02,3.912818653554e+01,6.165031383834e+00,6.798803562122e+00,1.743053635766e+01,1.083928530965e+01,6.900523441572e+00,4.402860800798e+01,3.731532256237e+01,8.228059640615e+00,6.614907887879e+00,3.973805261607e+01,1.136859237271e+02,4.797283088985e+01,9.323910629716e+00,1.454433391494e+01,2.875095737690e+01,1.795540549727e+01,1.267232784211e+01,2.809365298770e+01,5.563900659400e+01,2.259824159888e+01,9.214384446308e+00,1.518569712900e+01,5.535774172351e+01,1.631401962339e+01,8.317384604926e+00,1.616087330901e+01,3.136274954114e+01,2.036367859328e+01,1.405249144592e+01,2.534862115067e+01,1.323079694546e+02,4.403167841200e+01,7.136763272983e+00,1.124018263805e+01,1.743081960527e+01,6.633115043847e+00,6.135800231130e+00,3.910935623485e+01,3.709743717568e+01,1.457186558202e+01,9.588565860733e+00,4.954739298906e+01,1.134706555483e+02,3.829696811765e+01,6.518592372709e+00,8.241927443294e+00,2.881871020371e+01,1.518565180939e+01,9.151095601731e+00,2.300006797942e+01,5.526254786885e+01,2.731518660352e+01,1.279346717727e+01,1.821633318982e+01,4.483648682332e+01,1.589522104643e+01,6.986007568376e+00,1.008742154041e+01,2.110834787338e+01,1.560224105504e+01,1.371218644490e+01,2.765040447758e+01,9.961005868890e+01,3.370530919308e+01,8.568070064127e+00,9.597686433573e+00,1.462426638871e+01,8.197355600372e+00,9.642043008316e+00,4.212176247989e+01,2.754410731685e+01,1.449501484217e+01,1.079685481861e+01,3.153189368018e+01,7.386540073871e+01,3.189370283927e+01,1.023908363735e+01,1.240576918719e+01,2.132159932927e+01,1.048215540097e+01,8.007296458272e+00,2.041106025243e+01,4.603110058689e+01,2.511963245791e+01,1.207364437697e+01,1.478428995491e+01
2.175922828343e+01,2.573520628443e+01,3.163069351152e+01,3.101635913020e+01,2.091338768862e+01,1.396649355881e+01,1.386827747467e+01,1.750974279034e+01,2.037818665873e+01,3.407520120504e+01,4.919991767890e+01,4.566590767776e+01,2.744114478881e+01,1.545017383765e+01,1.261322217065e+01,1.459215147083e+01,3.408684000806e+01,4.208627076637e+01,4.014178496677e+01,2.961987791955e+01,2.089300007882e+01,1.583980663298e+01,1.570437965793e+01,2.226584462329e+01,2.563917959137e+01,2.387998633820e+01,2.069705833414e+01,1.845445628662e+01,1.952368483277e+01,2.024705089021e+01,2.164164046695e+01,2.458156357554e+01,2.103253435155e+01,2.494757721982e+01,3.347562331964e+01,4.136899997373e+01,3.535368299369e+01,2.218546769772e+01,1.707164563392e+01,1.748760366767e+01,2.338990427982e+01,3.734261343235e+01,6.545030520112e+01,8.232215576204e+01,6.068103199138e+01,2.451774720415e+01,9.629467452512e+00,8.590198533984e+00,1.147368351914e+02,7.689567989351e+01,4.203293719951e+01,2.287880406701e+01,1.134975960486e+01,9.810433762162e+00,1.341272649251e+01,3.905617101772e+01,4.308079728866e+01,2.174712532950e+01,1.565621305403e+01,2.039833781429e+01,2.753574399888e+01,3.043716885460e+01,2.954895040591e+01,3.202955677967e+01,2.042523229439e+01,1.731454543862e+01,1.910163153424e+01,2.694305831662e+01,3.666329792358e+01,3.783465718514e+01,3.105265047685e+01,2.399253855518e+01,2.489248338252e+01,8.933573874434e+00,1.105938504383e+01,3.007675129393e+01,6.168400956326e+01,7.543222083074e+01,6.097356967080e+01,3.772418051092e+01,1.156865404994e+02,4.008906442940e+01,1.351735311375e+01,1.014904498761e+01,1.116945887010e+01,2.075547128833e+01,3.896363859283e+01,7.652233616786e+01,4.358734356801e+01,3.187522222320e+01,2.923623529824e+01,3.050163328575e+01,2.754955467785e+01,2.017493234782e+01,1.566814961423e+01,2.196527625737e+01,2.106587439901e+01,1.640865422509e+01,1.376173294683e+01,1.537395675515e+01,2.236302731484e+01,3.107707532381e+01,3.156629914088e+01,2.556636044383e+01,2.148526539799e+01,1.398457792919e+01,1.213009361836e+01,1.547273332341e+01,2.708026307723e+01,4.412161629608e+01,4.929107516617e+01,3.653523606015e+01,3.719524113953e+01,2.300437002461e+01,1.544948199007e+01,1.543122246841e+01,1.963993274191e+01,2.731311795563e+01,3.935422596268e+01,4.457256955695e+01,2.622922048920e+01,2.463347841698e+01,2.149376899297e+01,2.038031474686e+01,1.937559441968e+01,1.779939047352e+01,2.056778792682e+01,2.440189338541e+01
1.662082908508e+01,9.462706857337e+00,9.898887175063e+00,2.448703737593e+01,4.236688365446e+01,2.501339398534e+01,1.469707110054e+01,1.557294362675e+01,2.093915627478e+01,1.351645708609e+01,1.415566477565e+01,3.761804048696e+01,6.657533136389e+01,3.063881554295e+01,1.216290641639e+01,1.279076799735e+01,8.216517215236e+01,3.066854897040e+01,1.222743631975e+01,1.417406952324e+01,1.643523916586e+01,9.756581527280e+00,1.223242093889e+01,4.316391728321e+01,4.236931496344e+01,1.646377001037e+01,8.133878852840e+00,9.477172710082e+00,1.575914355180e+01,1.454837782019e+01,1.699819612559e+01,3.286881388722e+01,2.053307538801e+01,1.334656174566e+01,1.376614990458e+01,3.560073374988e+01,5.404813817504e+01,2.475477765287e+01,1.338182008314e+01,1.653919287513e+01,3.058305229493e+01,1.569504936690e+01,1.761544360496e+01,7.031921605535e+01,1.044033707180e+02,2.922393314336e+01,6.060129146950e+00,7.057270833878e+00,1.286378743911e+02,4.706986309726e+01,1.233064930764e+01,1.571408154907e+01,1.505058691276e+01,5.925561858949e+00,7.360199733340e+00,4.264934250085e+01,5.351304105339e+01,1.711093391894e+01,9.188108371894e+00,1.511901213912e+01,2.433492806288e+01,1.981291120929e+01,1.767749862749e+01,3.032666684095e+01,1.766643137870e+01,1.534008696940e+01,2.161492945718e+01,5.048125974920e+01,5.840057340549e+01,1.911937814262e+01,7.548194818436e+00,1.068205624254e+01,4.018556377611e+01,9.779517746813e+00,1.245843681647e+01,6.313418385576e+01,1.023034866191e+02,3.221606406804e+01,7.936289247340e+00,1.526892543114e+01,1.308000923723e+02,4.322963234077e+01,7.283521999425e+00,7.954214704626e+00,1.349009611949e+01,7.403414289822e+00,6.180439727066e+00,4.625172326649e+01,5.399227035459e+01,2.697483290197e+01,1.623083492371e+01,2.118417819142e+01,2.514323808528e+01,1.450148579994e+01,9.506836422577e+00,1.869913640602e+01,1.239888281788e+01,1.149996949971e+01,1.701880560857e+01,4.078453722343e+01,5.135343738290e+01,2.075955312715e+01,8.158035084050e+00,7.754036931496e+00,3.452291443361e+01,1.508472109662e+01,1.341062107309e+01,3.743542216761e+01,6.027325647260e+01,2.490676496475e+01,1.281361707319e+01,2.100662292053e+01,1.009578573109e+02,4.761447630999e+01,1.108432023564e+01,7.732869728896e+00,1.009418490148e+01,6.830418376862e+00,8.908037262642e+00,3.794685106272e+01,4.255496588324e+01,3.028530844510e+01,1.662984845712e+01,1.647263252377e+01,1.682659276882e+01,8.864247557798e+00,7.835655712705e+00,1.750714142550e+01
2.565389809699e+01,1.601138027105e+01,1.253614770742e+01,1.628986164235e+01,2.003485857298e+01,1.344521886953e+01,1.119147187987e+01,1.732422911649e+01,5.548804835435e+01,2.879102800208e+01,1.366152901733e+01,1.441615904047e+01,2.023717240402e+01,1.317321622515e+01,1.155358171601e+01,2.484911932757e+01,8.480703593521e+01,2.819140577041e+01,7.605760967087e+00,8.707229541484e+00,2.521503517968e+01,2.023339472069e+01,1.450058081881e+01,3.940433489163e+01,1.485012041366e+01,6.832913066062e+00,6.857751333994e+00,2.670916560419e+01,8.554438305709e+01,4.168000188884e+01,1.085312367191e+01,1.092173584549e+01,3.232239694008e+01,1.938713698824e+01,1.327479813005e+01,1.711860036832e+01,2.275683996789e+01,1.668529064551e+01,1.427986022572e+01,2.139682674600e+01,6.644195117344e+01,3.278975303395e+01,1.942835151343e+01,2.637896774803e+01,3.409094772631e+01,1.843125088539e+01,1.005296312037e+01,1.731422769986e+01,1.236016621807e+02,4.876043821127e+01,9.349227935968e+00,1.079704396279e+01,2.755034235255e+01,1.523342305331e+01,7.184473721490e+00,3.130013694102e+01,2.005892241583e+01,6.189743589744e+00,5.438419039524e+00,4.016558530481e+01,1.180889172215e+02,5.062634934127e+01,7.439788449733e+00,7.886452283137e+00,3.218840251216e+01,2.141753789489e+01,1.459062190112e+01,1.779059356849e+01,2.285247202153e+01,1.651690041082e+01,1.299680785758e+01,1.913312556075e+01,6.706932993342e+01,1.761819898947e+01,1.037172404023e+01,1.949370543514e+01,3.411566321953e+01,2.536333758323e+01,1.861504462388e+01,3.229785144260e+01,1.237878641923e+02,3.154741464797e+01,7.386938659867e+00,1.548764225339e+01,2.755119233130e+01,1.046595835104e+01,8.784209283657e+00,4.832398356708e+01,2.002963592577e+01,7.848581007697e+00,7.521291967701e+00,5.106824384946e+01,1.180348869056e+02,3.965408698116e+01,5.391717429286e+00,6.203872125419e+00,2.527762194834e+01,1.735640553431e+01,1.143966567502e+01,1.404487887803e+01,2.023647353261e+01,1.607061434575e+01,1.230206355952e+01,1.556686971715e+01,5.591762761487e+01,2.509520706427e+01,1.170519903669e+01,1.324047787694e+01,2.013975539500e+01,1.409452708127e+01,1.334887850026e+01,2.853696935354e+01,8.544509609482e+01,3.985946073570e+01,1.493942484771e+01,2.045743023091e+01,2.492882844596e+01,8.339075412004e+00,7.260348491288e+00,2.791738206545e+01,1.493609104217e+01,1.099035746329e+01,1.105336922133e+01,4.201073806488e+01,8.524487887803e+01,2.626996269538e+01,6.853303111867e+00,6.858431316995e+00
2.483579764062e+01,1.885070007525e+01,1.590967386350e+01,1.832756738423e+01,1.717314805982e+01,1.026761847224e+01,8.788101370473e+00,1.450215693133e+01,5.662169438350e+01,3.317275589049e+01,1.592569981027e+01,1.254261396759e+01,1.196471535926e+01,9.425016163736e+00,1.002072137959e+01,2.417239551867e+01,1.018771450073e+02,4.699863270692e+01,1.008666942245e+01,5.465176423204e+00,6.059312961726e+00,4.799506078625e+00,6.476697722238e+00,3.546645892291e+01,1.018347483227e+02,3.959187891507e+01,5.538321303274e+00,2.727346921471e+00,3.978706265170e+00,4.114513445049e+00,6.351161139199e+00,3.661497450899e+01,3.430303030303e+01,2.037368437788e+01,1.419838468632e+01,1.762241512714e+01,2.010942584290e+01,1.414961789988e+01,1.193880038581e+01,1.945395190096e+01,7.717677297635e+01,3.040702937030e+01,1.582163714798e+01,1.670557622394e+01,1.821938164436e+01,1.376028914539e+01,1.175194759770e+01,2.861940496253e+01,1.185943485219e+02,4.474563049170e+01,7.891284301568e+00,6.502496104805e+00,9.383361421137e+00,8.749827763469e+00,8.958493645797e+00,3.862012570617e+01,1.226001250702e+02,4.397125504786e+01,5.122367430867e+00,2.713705788207e+00,3.677944184765e+00,3.187011775679e+00,5.666507679099e+00,4.382737129956e+01,3.471878279119e+01,1.953904204691e+01,1.163395762451e+01,1.388817874442e+01,2.000857472946e+01,1.793854600570e+01,1.429042788854e+01,2.039726753368e+01,7.704130496995e+01,2.866678325755e+01,1.152403362057e+01,1.317899880229e+01,1.827528167297e+01,1.760890118393e+01,1.609548793284e+01,3.035106574666e+01,1.183291784582e+02,3.922553976279e+01,9.055550255970e+00,8.674955218502e+00,9.517695316226e+00,6.728756611233e+00,7.909398285054e+00,4.411709964281e+01,1.222672686996e+02,4.518582466851e+01,5.867372571465e+00,3.126596500154e+00,3.713366614731e+00,2.791058539222e+00,5.082472150678e+00,4.258465028035e+01,2.519331828251e+01,1.483470592600e+01,8.784126681294e+00,1.021571433114e+01,1.705358940931e+01,1.831987238598e+01,1.566932705862e+01,1.867056716165e+01,5.628193795245e+01,2.466891369095e+01,1.024488325013e+01,9.412371352560e+00,1.226026264746e+01,1.288592112097e+01,1.577596531951e+01,3.240452796591e+01,1.009690928169e+02,3.662697277073e+01,6.865602509884e+00,4.948297243156e+00,6.339714034363e+00,5.766701643931e+00,9.903727728492e+00,4.519171780767e+01,1.014733801817e+02,3.803285743055e+01,6.753028713155e+00,4.034818277211e+00,3.952494514929e+00,2.770125176211e+00,5.408502655092e+00,3.832239498871e+01
9.631970075341e+01,3.598152459155e+01,7.628248539744e+00,5.224614831118e+00,4.849794717684e+00,3.465144332515e+00,6.512867180225e+00,4.241146406501e+01,8.992782316092e+01,3.311612206891e+01,8.336684161517e+00,6.279744772708e+00,8.297966223652e+00,7.055045289088e+00,1.182252603064e+01,4.822815965462e+01,6.208998560907e+01,2.681751036993e+01,9.929495047829e+00,8.051913146533e+00,9.935928637941e+00,1.141876534327e+01,1.615943240498e+01,3.729632608144e+01,2.815291416236e+01,1.493660585795e+01,8.041119952595e+00,9.116936849234e+00,1.644854186066e+01,1.836195293321e+01,1.696278464404e+01,2.196408617625e+01,1.189345212901e+02,4.682739354948e+01,6.586959282147e+00,3.662225937526e+00,4.200033861001e+00,3.240381359519e+00,6.046315499873e+00,4.745497545077e+01,1.040400512148e+02,3.993154787099e+01,1.404181833573e+01,1.342562219589e+01,1.450477228477e+01,9.021618132566e+00,9.269163210023e+00,4.228587149750e+01,8.908374248709e+01,3.703168119868e+01,1.219483831372e+01,1.074045543046e+01,1.284886354017e+01,1.298629687632e+01,1.375992550580e+01,3.290451197833e+01,3.948288961314e+01,1.942555870651e+01,1.073205366969e+01,1.328844281724e+01,2.055810336070e+01,1.848741852197e+01,1.487948658258e+01,2.236211165665e+01,1.193064949632e+02,4.916042707187e+01,6.209980529925e+00,3.220530347922e+00,4.166352746974e+00,3.580250571404e+00,6.203906712943e+00,4.534312833319e+01,1.046870926098e+02,4.318190764412e+01,9.442087107424e+00,8.956562685177e+00,1.448316473377e+01,1.351050749175e+01,1.332887496826e+01,3.920843562177e+01,8.918867984424e+01,3.322612799458e+01,1.400357656819e+01,1.321136671464e+01,1.291069161094e+01,1.072104884449e+01,1.181220900703e+01,3.656312960298e+01,3.943416151697e+01,2.266182383814e+01,1.513242825700e+01,1.849814822653e+01,2.044005544739e+01,1.327946965208e+01,1.057575340726e+01,1.912429103530e+01,9.654255904512e+01,4.376607339372e+01,6.662659781597e+00,3.406564801490e+00,4.837477778718e+00,5.214795140946e+00,7.338017438415e+00,3.491749555574e+01,9.050220096504e+01,4.987028062304e+01,1.219189663930e+01,7.088430119360e+00,8.198129179717e+00,6.141951663422e+00,7.764591974943e+00,3.209678955388e+01,6.230590239567e+01,3.851145983239e+01,1.657242021502e+01,1.155553204097e+01,1.000143909253e+01,7.996698552442e+00,9.550019046813e+00,2.586592101922e+01,2.828560695844e+01,2.265603572336e+01,1.723719630915e+01,1.824275162956e+01,1.622290061796e+01,9.075150258190e+00,7.917432066368e+00,1.464232201812e+01
1.598508519880e+01,5.581769462078e+01,8.692277981958e+01,3.772927497494e+01,7.370050116940e+00,3.641470096893e+00,4.588533244237e+00,6.956004009355e+00,2.234312061477e+01,7.361892415636e+01,9.270364183094e+01,3.715476110925e+01,9.291506849315e+00,5.038262612763e+00,5.292121617107e+00,6.776558636819e+00,1.785941864350e+01,5.146489809556e+01,7.029182759773e+01,4.088443701971e+01,1.698905446041e+01,9.693017039759e+00,8.106060808553e+00,8.142091546943e+00,1.616364851320e+01,3.769591713999e+01,4.957844303375e+01,3.023790177080e+01,1.633703975944e+01,1.189964584029e+01,9.759612429001e+00,9.327297026395e+00,2.972028065486e+01,4.537423321083e+01,7.130813230872e+01,4.672255262279e+01,2.117443367858e+01,1.351204811226e+01,9.071313063816e+00,1.063339792850e+01,1.121340862011e+02,7.125467423989e+01,4.685883060474e+01,1.490628800535e+01,5.998583361176e+00,6.966535248914e+00,1.178027397260e+01,4.243965252255e+01,3.888632141664e+01,3.041144002673e+01,3.424805880388e+01,3.483129969930e+01,3.775494821250e+01,3.242278650184e+01,2.485977948547e+01,2.427228867357e+01,2.718197126629e+01,4.103914467090e+01,4.154683595055e+01,2.647848980956e+01,1.864891413298e+01,1.542521884397e+01,1.581969929836e+01,1.862620781824e+01,3.955983962579e+01,1.637564984965e+01,1.314745071834e+01,1.648437019713e+01,2.292725693284e+01,3.351922485800e+01,3.717037086535e+01,3.633278984297e+01,1.119577280321e+02,5.074551286335e+01,1.983611092549e+01,1.084078850652e+01,7.129087871701e+00,9.037407283662e+00,1.767744737721e+01,4.980712328767e+01,3.672664216505e+01,3.185951219512e+01,3.890298696960e+01,4.596867357167e+01,3.916531907785e+01,2.289646508520e+01,1.358994988306e+01,1.521564984965e+01,2.842476445038e+01,2.887931840962e+01,2.673927163381e+01,2.348693618443e+01,2.090929502172e+01,1.928844637487e+01,2.061452723020e+01,2.433621115937e+01,2.655981289676e+01,1.730826595389e+01,1.234428332776e+01,1.107978616772e+01,1.518202472436e+01,2.395705980621e+01,3.052510524557e+01,3.087587036418e+01,4.591472101570e+01,3.046524557300e+01,1.959055128633e+01,1.468668225860e+01,1.371605746742e+01,1.688433010358e+01,2.382695623121e+01,3.654937520882e+01,2.890742398931e+01,2.784048112262e+01,2.629013030404e+01,2.354115603074e+01,2.114348145673e+01,1.862944203141e+01,1.876831272970e+01,2.313683929168e+01,2.295879719345e+01,2.127742064818e+01,2.120078850652e+01,1.951739391914e+01,1.693388573338e+01,1.586825258938e+01,1.788001336452e+01,2.157062479118e+01
2.368822437657e+01,1.849506387348e+01,1.983748297036e+01,2.218117558789e+01,1.689737792959e+01,1.231997946571e+01,1.646554583687e+01,2.531370071278e+01,7.033210259245e+01,3.727353051513e+01,1.675038995400e+01,1.086363456868e+01,7.683307994551e+00,7.904377357000e+00,1.712828992833e+01,4.620809722195e+01,8.962657215630e+01,3.327418208384e+01,7.463146879381e+00,3.828558453610e+00,4.605544257310e+00,8.721622208620e+00,2.481123264952e+01,6.875132781803e+01,3.107208719174e+01,1.306175094280e+01,7.317916164827e+00,8.379064900192e+00,1.444267182656e+01,2.190301498608e+01,3.233162872431e+01,4.140315319762e+01,2.827443876241e+01,1.414756056627e+01,1.147988034829e+01,1.406444606788e+01,1.548548778802e+01,2.072116808498e+01,3.963730329536e+01,4.524811933579e+01,7.963519063321e+01,3.993439887851e+01,1.600498548779e+01,1.174646079728e+01,1.294185242956e+01,2.165637648824e+01,3.635639820720e+01,4.299357316327e+01,1.259427606768e+02,6.970467155014e+01,8.680395679902e+00,3.838025944281e+00,3.482269433530e+00,5.262187296385e+00,1.193741978794e+01,5.009404308251e+01,4.495348194365e+01,2.116302051454e+01,1.436062353150e+01,1.937992378621e+01,2.310759768594e+01,2.340623334057e+01,2.288007187000e+01,2.820534286335e+01,3.127235571702e+01,1.087292435880e+01,6.518332773906e+00,6.829279128083e+00,1.009852508539e+01,2.359746875432e+01,5.719477955259e+01,6.412284044465e+01,3.569329871463e+01,7.627243469505e+00,4.174620411870e+00,5.406697336466e+00,1.135843189133e+01,4.171977609730e+01,9.138192785357e+01,7.944639366596e+01,1.116039252078e+02,3.208056745711e+01,9.519379232728e+00,6.741475309495e+00,5.417685154106e+00,1.165011747981e+01,4.226980867574e+01,8.524637194701e+01,4.015746243608e+01,2.942493138784e+01,2.678823029992e+01,2.741113985034e+01,2.028198116374e+01,1.380848816317e+01,1.209935435465e+01,1.997146918870e+01,3.327094398484e+01,1.531646494363e+01,8.555264872549e+00,6.450836179833e+00,7.799079906016e+00,1.684547949533e+01,3.841657946176e+01,5.045689774320e+01,3.234840168223e+01,1.687982506368e+01,1.214838983553e+01,1.070844275080e+01,1.147348312832e+01,2.095631528027e+01,4.764982131222e+01,5.647882401722e+01,3.347732343475e+01,1.988481055146e+01,1.632068039568e+01,1.677134874721e+01,1.604987462239e+01,1.881648468814e+01,3.203250932928e+01,4.327983888483e+01,2.172312279108e+01,1.998461902975e+01,2.006326139752e+01,2.082669259778e+01,1.706392283847e+01,1.412583173732e+01,1.635120540210e+01,2.076648172646e+01
